CASE;SERIAL;REF;QUESTNNR;MODE;STARTED;ID01_01;ID06;ID10;ID11;ID12;ID13;SD01;SD02_01;SD06;SD06_01;SD06_02;SD06_03;SD06_04;SD06_04a;SD03;SD04;SD05_01;SD07_01;SD08;SD09;SD10_01;SD11;SD12;SD12_01;SD12_02;SD12_03;SD12_04;MU01_01;MU01_02;MU01_03;MU01_04;MU01_05;MU01_06;MU01_07;MU01_08;MU01_09;MU01_10;MU01_11;MU01_12;MU01_13;MU01_14;MU01_15;MU01_16;MU02_01;MU02_02;MU02_03;MU02_04;MU02_05;MU02_06;MU02_07;MU02_08;PS06_01;PS06_02;PS06_03;PS06_04;PS06_05;PS06_06;PS06_07;PS06_08;PS06_09;PS06_10;PS06_11;PS06_12;PS06_13;PS06_14;PS06_15;PS06_16;PS06_17;PS06_18;PS06_19;PS06_20;PS07_01;PS07_02;PS07_03;PS07_04;PS07_05;PS07_06;PS07_07;PS07_08;PS07_09;PS07_10;PS07_11;PS07_12;PS07_13;PS07_14;PS07_15;PS07_16;PS07_17;PS07_18;PS07_19;PS07_20;PS08_01;PS08_02;PS08_03;PS08_04;PS08_05;PS08_06;PS08_07;PS08_08;PS08_09;PS08_10;PS08_11;PS08_12;PS08_13;PS08_14;PS08_15;PS08_16;PS08_17;PS08_18;PS08_19;PS08_20;MC01_01;MC01_02;MC01_03;MC01_04;MC02_01;IN01_01;IN01_02;IN01_03;IN01_04;ST01_01;ST01_02;ST01_03;ST01_04;ST01_05;ST01_06;ST01_07;ST01_08;ST01_09;ST01_10;ST01_11;ST02_01;TIME001;TIME002;TIME003;TIME004;TIME005;TIME006;TIME007;TIME008;TIME009;TIME010;TIME011;TIME012;TIME013;TIME014;TIME_SUM;MAILSENT;LASTDATA;FINISHED;Q_VIEWER;LASTPAGE;MAXPAGE;MISSING;MISSREL;TIME_RSI;DEG_TIME
45;;;base;interview;21.11.2021 22:31;;;;;;;;;;;;;;;;;;;;;;;;;;;;;;;;;;;;;;;;;;;;;;;;;;;;;;;;;;;;;;;;;;;;;;;;;;;;;;;;;;;;;;;;;;;;;;;;;;;;;;;;;;;;;;;;;;;;;;;;;;;;;;;;;;;;;;;;;;;;;;;;;;;0;;21.11.2021 22:31;0;0;0;0;;;;100
47;;;base;interview;22.11.2021 06:37;Test;-9;1;1;1;1;1;99;1;2;1;1;1;;1;2;Hirn;1,3;2;2;1,3;;;;;;;2;3;4;2;4;6;3;4;4;4;3;5;4;3;4;5;2;2;2;2;2;2;2;2;2;2;2;2;2;2;2;2;2;2;2;2;2;2;2;2;2;2;2;2;2;2;2;2;2;2;2;2;2;2;2;2;2;2;2;2;2;2;2;2;2;2;2;2;2;2;2;2;2;2;2;2;2;2;2;2;2;2;2;2;2;3;2;3;2;2;2;2;2;8;4;11;9;7;8;5;4;4;1;;;10;4;4;32;24;30;10;17;15;14;263;21;15;4;463;;22.11.2021 06:45;1;0;14;14;1;0;2,64;192
48;;;base;interview;22.11.2021 06:46;;;;;;;;;;;;;;;;;;;;;;;;;;;;;;;;;;;;;;;;;;;;;;;;;;;;;;;;;;;;;;;;;;;;;;;;;;;;;;;;;;;;;;;;;;;;;;;;;;;;;;;;;;;;;;;;;;;;;;;;;;;;;;;;;;;;;;;;;;;;;;;;;;;0;;22.11.2021 06:46;0;0;0;0;;;;100
49;;;base;interview;22.11.2021 08:20;;;;;;;;;;;;;;;;;;;;;;;;;;;;;;;;;;;;;;;;;;;;;;;;;;;;;;;;;;;;;;;;;;;;;;;;;;;;;;;;;;;;;;;;;;;;;;;;;;;;;;;;;;;;;;;;;;;;;;;;;;;;;;;;;;;;;;;;;;;;;;;;;;;0;;22.11.2021 08:20;0;0;0;0;;;;100
50;;;base;interview;22.11.2021 08:22;;;;;;;;;;;;;;;;;;;;;;;;;;;;;;;;;;;;;;;;;;;;;;;;;;;;;;;;;;;;;;;;;;;;;;;;;;;;;;;;;;;;;;;;;;;;;;;;;;;;;;;;;;;;;;;;;;;;;;;;;;;;;;;;;;;;;;;;;;;;;;;;;;;0;;22.11.2021 08:22;0;0;0;0;;;;100
51;;;base;interview;22.11.2021 08:50;182;-9;1;1;1;1;1;24;2;2;2;1;1;;2;6;Empirische Bildungsforschung und PÑdagogische Psychologie ;2,4;1;1;2;2;1;1;2;1;1;6;2;3;1;3;3;2;4;4;7;1;2;4;4;1;2;3;3;3;3;2;3;3;3;4;4;1;3;2;3;4;2;4;5;2;2;5;2;3;2;2;5;3;4;4;1;2;4;3;1;4;2;3;3;2;3;5;3;3;2;3;5;1;4;4;1;5;4;4;5;1;1;3;1;2;4;5;1;2;3;5;2;3;3;3;4;4;2;6;4;4;4;4;13;9;9;3;7;3;7;1;3;2;;;822;108;32;22;54;105;38;74;78;71;1252;44;90;9;1993;;22.11.2021 09:36;1;0;14;14;1;0;1,21;19
52;;;base;interview;22.11.2021 09:41;149;;;;;;;;;;;;;;;;;;;;;;;;;;;;;;;;;;;;;;;;;;;;;;;;;;;;;;;;;;;;;;;;;;;;;;;;;;;;;;;;;;;;;;;;;;;;;;;;;;;;;;;;;;;;;;;;;;;;;;;;;;;;;;;;;;;;33;;;;;;;;;;;;;;33;;22.11.2021 09:41;0;0;1;1;0;0;0,48;0
53;;;base;interview;22.11.2021 09:59;200;-9;1;1;1;1;1;29;2;2;2;1;1;;2;6;Erwachsenenbildung / Weiterbildung;1,7;1;1;12;1;1;1;1;2;1;5;3;1;1;2;4;2;4;2;6;1;1;5;3;2;2;3;3;3;3;3;3;3;3;3;4;2;4;2;2;5;2;4;4;2;2;4;2;3;3;1;4;3;5;3;1;2;4;2;1;2;2;4;2;3;4;4;4;4;4;2;4;2;3;4;2;4;4;2;4;1;2;3;1;2;4;4;2;2;4;3;1;2;3;3;3;3;2;6;3;3;3;2;3;3;11;1;1;11;9;13;1;5;;;26;208;32;36;59;65;41;60;50;69;1163;44;79;34;1966;;22.11.2021 10:32;1;0;14;14;1;0;1,08;7
54;;;base;interview;22.11.2021 10:37;124;-9;1;1;1;1;1;19;3;2;2;1;2;Italienisch;2;5;Englisch und Ev. Theologie / Lehramt;1,6;1;1;11;1;1;1;2;1;1;4;2;2;2;4;3;1;1;4;7;1;1;3;3;1;1;3;3;3;3;3;3;4;3;3;3;2;3;3;4;5;2;5;4;2;3;4;2;3;2;2;4;3;4;4;1;2;5;1;2;4;1;3;2;2;4;4;2;3;2;2;4;2;5;4;2;4;4;2;4;2;2;4;1;1;4;5;1;2;4;4;2;2;3;4;4;4;1;4;3;3;3;3;13;11;11;1;1;11;10;5;1;1;;;278;839;35;45;34;77;33;64;49;48;1120;40;129;33;2562;;22.11.2021 11:24;1;0;14;14;1;0;1,02;9
55;;;base;interview;22.11.2021 10:57;123;;1;1;1;1;;;;;;;;;;;;;;;;;;;;;;;;;;;;;;;;;;;;;;;;;;;;;;;;;;;;;;;;;;;;;;;;;;;;;;;;;;;;;;;;;;;;;;;;;;;;;;;;;;;;;;;;;;;;;;;;;;;;;;;;;;;;;;;10;24;10;;;;;;;;;;;;44;;22.11.2021 10:58;0;0;3;3;0;0;2,47;174
56;;;base;interview;22.11.2021 11:33;163;-9;1;1;1;1;1;21;2;2;2;1;1;;2;5;Economics and Business Administration;2,4;1;1;3;1;1;2;1;1;1;5;6;2;1;7;5;1;1;6;7;1;1;4;3;1;1;4;4;3;4;2;4;3;4;5;5;1;4;3;4;5;3;3;4;3;2;4;1;4;3;1;4;1;4;2;1;5;4;1;3;4;3;4;3;3;5;5;5;5;4;2;4;2;4;3;4;5;4;3;4;1;1;3;2;5;5;4;2;2;4;3;2;2;3;3;4;4;1;6;4;4;4;4;11;3;11;3;3;11;11;1;1;1;;;30;1523;57;42;54;75;46;77;73;73;968;53;71;33;3175;;22.11.2021 12:26;1;0;14;14;1;0;0,93;5
57;;;base;interview;22.11.2021 11:49;;;;;;;;;;;;;;;;;;;;;;;;;;;;;;;;;;;;;;;;;;;;;;;;;;;;;;;;;;;;;;;;;;;;;;;;;;;;;;;;;;;;;;;;;;;;;;;;;;;;;;;;;;;;;;;;;;;;;;;;;;;;;;;;;;;;;;;;;;;;;;;;;;;0;;22.11.2021 11:49;0;0;0;0;;;;100
58;;;base;interview;22.11.2021 12:31;101;-9;1;1;1;1;1;19;2;2;2;1;1;;2;5;Erziehungswissenschaften mit SozialpÑdagogik/Erwachsenenbildung B.A;2,5;2;1;7 Punkte ;1;1;2;1;1;1;6;1;1;1;3;2;1;2;5;7;1;2;4;2;1;2;3;3;3;4;3;3;3;3;4;4;5;3;4;4;4;5;3;4;3;4;3;5;4;3;2;2;3;3;3;3;5;4;2;2;4;3;2;2;3;4;3;5;3;2;3;2;3;4;3;2;4;3;4;4;1;4;2;4;2;4;3;3;2;4;5;4;3;3;4;3;3;2;7;3;3;4;3;11;1;1;1;1;12;3;1;7;1;;;8717;125;75;56;133;121;51;125;112;105;838;80;91;57;1903;;22.11.2021 15:29;1;0;14;14;1;0;0,78;7
59;;;base;interview;22.11.2021 15:27;test;-9;1;1;1;1;2;99;1;1;1;2;1;;3;1;Hirn;1;1;4;1,0;1;1;2;1;1;1;2;2;2;2;2;2;2;2;2;2;2;2;2;2;2;2;1;1;1;1;1;1;1;1;1;1;1;1;1;1;1;1;1;1;1;1;1;1;1;1;1;1;1;1;1;1;1;1;1;1;1;1;1;1;1;1;1;1;1;1;1;1;1;1;1;1;1;1;1;1;1;1;1;1;1;1;1;1;1;1;1;1;1;1;1;1;1;1;2;1;1;1;1;1;1;1;1;1;1;1;1;1;1;;;4;4;9;104;5419;51;100;20;19;21;190;236;130;3;633;;22.11.2021 17:12;1;0;14;14;1;0;1,94;147
60;;;base;interview;22.11.2021 15:56;187;-9;1;1;1;1;1;20;2;2;2;1;1;;2;5;Erziehungswissenschaft ;1,8;1;1;12 Punkte;1;1;2;1;1;1;5;2;1;1;6;4;1;2;7;7;1;1;5;1;1;1;3;3;3;4;1;4;2;3;4;4;5;3;1;3;4;3;2;2;2;2;1;4;4;4;2;1;2;5;2;2;5;4;1;2;4;3;2;1;2;2;2;5;5;2;1;2;2;4;4;3;2;4;1;2;1;4;1;1;2;4;2;2;1;3;2;2;2;4;2;3;3;2;6;4;3;3;3;13;9;2;5;5;11;1;1;1;5;;;25;568;16;28;31;64;48;80;59;88;1601;43;86;14;2751;;22.11.2021 16:42;1;0;14;14;1;0;1,18;14
61;;;base;interview;22.11.2021 16:59;144;;;;;;;;;;;;;;;;;;;;;;;;;;;;;;;;;;;;;;;;;;;;;;;;;;;;;;;;;;;;;;;;;;;;;;;;;;;;;;;;;;;;;;;;;;;;;;;;;;;;;;;;;;;;;;;;;;;;;;;;;;;;;;;;;;;;6;;;;;;;;;;;;;;6;;22.11.2021 16:59;0;0;1;1;0;0;2,67;83
62;;;base;interview;22.11.2021 17:15;144;-9;1;1;1;1;2;23;4;2;2;2;2;Italienisch;2;5;Bachelor of Education Chemie / Italienisch / Spanisch;1,5;2;1;1,3;1;1;2;1;1;1;7;2;4;1;7;5;1;1;6;7;1;1;4;2;1;1;4;4;2;4;2;4;4;4;5;5;4;4;1;4;5;3;4;5;2;3;3;4;5;3;1;2;2;5;4;1;4;4;1;2;4;3;4;1;1;5;4;4;5;1;1;2;3;5;4;4;4;4;1;5;1;2;4;1;2;4;3;3;1;5;5;1;3;5;4;4;4;1;8;4;4;4;4;13;13;10;3;5;10;13;1;1;1;;;4;95;18;40;63;106;43;78;81;87;1047;47;158;35;1902;;22.11.2021 17:47;1;0;14;14;1;0;1,23;20
63;;;base;interview;23.11.2021 08:55;147;-9;1;1;1;1;1;24;3;2;2;1;2;Koreanisch;2;6;Koreanistik;2,4;3;4;5;1;1;1;2;1;1;4;1;1;5;1;1;1;2;4;6;1;1;1;1;1;3;4;2;3;2;3;2;3;2;3;2;1;1;3;3;4;2;1;3;4;5;2;5;1;2;2;4;5;4;3;5;3;1;5;4;1;2;1;2;3;3;5;5;3;4;4;3;5;1;2;5;4;1;2;4;2;1;5;2;3;4;4;5;5;2;1;1;5;1;4;3;4;1;6;3;2;4;3;12;9;13;5;1;6;9;2;1;2;;;40;408;24;43;27;49;30;61;58;59;1508;44;49;42;2442;;23.11.2021 09:35;1;0;14;14;1;0;1,18;14
64;;;base;interview;23.11.2021 09:42;148;-9;1;1;1;1;1;20;2;2;2;1;1;;2;5;Empirische Bildungsforschung und pÑdagogische Psychologie;2;1;1;8 Punkte;3;1;2;1;1;1;6;2;6;3;5;4;4;3;5;5;2;2;5;3;4;2;4;4;2;4;2;4;3;4;2;5;2;4;2;2;5;2;4;5;2;2;4;2;3;5;1;5;3;4;2;1;2;3;2;3;4;2;4;3;4;5;5;3;4;3;2;5;2;4;4;1;5;4;3;2;1;1;3;2;3;5;5;2;2;4;5;2;2;3;4;3;3;1;7;4;4;3;4;9;1;7;3;2;9;7;2;2;1;13;;41;935;25;37;83;85;38;61;61;59;1665;36;107;19;3252;;23.11.2021 10:36;1;0;14;14;2;0;1,01;7
66;;;base;interview;23.11.2021 10:37;150;-9;1;1;1;1;1;19;3;2;2;2;1;;2;5;B.Ed. Philosophie und Englisch;2;1;1;12 Notenpunkte;1;1;1;2;1;1;7;5;1;1;2;4;1;2;6;7;1;1;6;5;1;1;3;3;4;4;3;4;4;4;5;5;1;4;3;4;5;2;4;4;2;1;4;3;2;2;1;5;2;3;4;1;3;5;1;1;4;2;3;2;2;4;4;2;3;3;2;4;1;3;3;2;4;5;3;3;1;1;3;3;2;4;3;2;4;3;4;2;2;3;4;4;4;3;8;4;4;4;4;11;5;9;2;4;4;3;2;7;2;12;;695;595;59;52;62;71;38;72;78;83;1444;445;110;30;2765;;23.11.2021 11:41;1;0;14;14;2;0;0,76;1
67;;;base;interview;23.11.2021 11:52;151;-9;1;1;1;1;1;24;3;2;2;1;2;TÅrkisch;2;6;Gymnasiales Lehramz (Deutsch, Englisch);2,6;2;1;4;3;1;2;1;1;1;6;2;7;1;4;4;1;2;7;7;1;1;6;4;1;1;3;4;3;4;1;4;4;4;4;5;1;1;3;4;5;2;3;5;1;3;4;4;4;3;1;5;3;5;4;1;2;4;1;1;5;2;3;2;3;4;5;3;4;2;1;3;1;4;5;2;5;4;2;5;2;1;2;1;2;5;5;2;4;4;5;2;2;3;4;3;4;2;8;4;4;4;4;11;3;10;1;12;11;10;1;8;4;13;;7;422;15;62;68;74;38;93;71;78;1381;47;85;38;2479;;23.11.2021 12:33;1;0;14;14;2;0;1,09;10
68;;;base;interview;23.11.2021 12:44;152;-9;1;1;1;1;2;24;3;2;2;1;2;Franzîsisch;2;5;HF Geschichtswissenschaft / NF Germanistik;2,7;1;1;Note 4;1;2;2;1;1;2;6;4;4;3;4;4;3;3;4;6;1;3;4;3;3;3;3;3;2;3;2;2;3;3;3;3;2;3;2;3;4;2;4;4;2;3;4;3;3;4;2;3;3;4;3;2;2;4;3;3;2;3;2;3;3;3;4;2;3;3;2;4;2;3;4;4;4;4;2;2;3;1;4;2;3;2;4;2;3;2;2;3;2;2;3;3;3;2;7;3;3;3;3;9;11;9;5;9;9;5;7;6;3;11;öberprÅft, ob die Figuren sich Ñhneln, wenn sie diametral entgegengesetzt stehen.;29;847;30;51;79;63;29;42;42;50;1805;37;185;27;3316;;23.11.2021 13:39;1;0;14;14;1;0;1,05;11
69;;;base;interview;23.11.2021 13:46;153;-9;1;1;1;1;1;20;1;2;1;1;1;;2;5;International Economics;2,5;1;1;11 Punkte ;1;1;2;1;1;1;6;4;5;1;6;6;1;3;6;7;1;1;6;5;4;1;3;4;3;4;2;3;4;3;4;5;1;3;4;4;5;2;3;2;1;3;5;5;2;3;5;5;3;2;4;2;1;3;5;2;5;1;2;4;3;5;5;5;2;4;2;5;3;1;4;2;5;4;4;5;1;1;3;5;3;4;4;3;2;5;5;3;5;2;4;4;4;1;2;4;4;4;4;12;13;10;2;2;13;12;12;13;2;2;;5;790;38;21;40;57;37;63;58;65;1140;211;89;30;2488;;23.11.2021 14:30;1;0;14;14;2;0;1,21;17
70;;;base;interview;23.11.2021 14:35;155;-9;1;1;1;1;1;26;2;2;2;1;1;;2;6;Sinologie ;2,6;1;1;0;1;1;2;1;1;1;4;4;4;4;4;4;4;1;4;7;1;1;4;4;4;1;3;3;3;3;2;3;3;3;5;4;3;3;1;5;5;4;4;5;2;3;3;3;4;2;2;4;3;5;4;1;4;4;2;2;3;4;3;2;2;3;4;4;5;2;3;3;2;3;3;3;4;3;1;5;2;2;2;2;2;4;2;3;2;4;3;3;3;4;3;3;3;2;6;4;4;4;4;9;9;9;3;3;5;8;2;2;2;12;;3822;1219;49;34;21;44;24;51;55;52;286;1588;64;34;2004;;23.11.2021 16:38;1;0;14;14;2;0;1,23;34
71;;;base;interview;23.11.2021 14:53;154;;;;;;;;;;;;;;;;;;;;;;;;;;;;;;;;;;;;;;;;;;;;;;;;;;;;;;;;;;;;;;;;;;;;;;;;;;;;;;;;;;;;;;;;;;;;;;;;;;;;;;;;;;;;;;;;;;;;;;;;;;;;;;;;;;;;51;;;;;;;;;;;;;;51;;23.11.2021 14:54;0;0;1;1;0;0;0,31;0
72;;;base;interview;23.11.2021 15:07;154;-9;1;1;1;1;1;21;3;2;2;1;2;Franzîsisch;2;5;Politik;1,7;1;1;5;3;1;2;1;1;1;5;4;1;2;7;4;1;2;5;7;1;1;1;1;1;1;3;3;3;4;1;3;3;4;4;4;1;4;4;3;5;1;3;5;1;2;5;1;2;4;1;5;1;5;3;1;1;5;2;3;4;1;5;2;1;4;5;1;4;2;1;4;2;4;3;3;5;5;1;5;1;1;2;1;3;5;5;2;2;4;4;2;1;3;4;4;4;1;9;3;2;2;2;11;11;5;2;4;5;2;7;9;3;12;;18;16;37;43;25;76;25;51;49;56;2539;35;94;11;3075;;23.11.2021 15:58;1;0;14;14;2;0;1,46;55
73;;;base;interview;23.11.2021 16:39;156;;;;;;;;;;;;;;;;;;;;;;;;;;;;;;;;;;;;;;;;;;;;;;;;;;;;;;;;;;;;;;;;;;;;;;;;;;;;;;;;;;;;;;;;;;;;;;;;;;;;;;;;;;;;;;;;;;;;;;;;;;;;;;;;;;;;28;;;;;;;;;;;;;;28;;23.11.2021 16:39;0;0;1;1;0;0;0,57;0
74;;;base;interview;24.11.2021 07:45;158;-9;1;1;1;1;1;22;3;2;2;2;1;;1;5;Bachelor of Education (Spanisch und Englisch);2,7;2;1;4 Punkte;1;1;2;1;1;1;5;2;2;2;4;3;1;3;5;7;1;2;3;3;1;2;3;3;3;3;3;4;4;3;5;3;1;3;2;4;4;2;3;4;2;2;3;1;2;2;1;5;2;4;4;1;3;4;4;1;4;3;2;2;1;4;5;2;5;1;2;3;1;3;5;3;4;5;1;5;2;1;3;2;2;4;3;2;3;5;4;2;2;4;4;4;4;1;7;3;3;4;3;13;7;8;2;5;2;10;2;5;3;12;;9;933;30;22;40;56;32;54;50;50;2059;48;90;38;3511;;24.11.2021 08:44;1;0;14;14;2;0;1,19;13
75;;;base;interview;24.11.2021 08:46;;;;;;;;;;;;;;;;;;;;;;;;;;;;;;;;;;;;;;;;;;;;;;;;;;;;;;;;;;;;;;;;;;;;;;;;;;;;;;;;;;;;;;;;;;;;;;;;;;;;;;;;;;;;;;;;;;;;;;;;;;;;;;;;;;;;;;;;;;;;;;;;;;;0;;24.11.2021 08:46;0;0;0;0;;;;100
76;;;base;interview;24.11.2021 09:55;;;;;;;;;;;;;;;;;;;;;;;;;;;;;;;;;;;;;;;;;;;;;;;;;;;;;;;;;;;;;;;;;;;;;;;;;;;;;;;;;;;;;;;;;;;;;;;;;;;;;;;;;;;;;;;;;;;;;;;;;;;;;;;;;;;;;;;;;;;;;;;;;;;0;;24.11.2021 09:55;0;0;0;0;;;;100
77;;;base;interview;24.11.2021 09:55;15;;;;;;;;;;;;;;;;;;;;;;;;;;;;;;;;;;;;;;;;;;;;;;;;;;;;;;;;;;;;;;;;;;;;;;;;;;;;;;;;;;;;;;;;;;;;;;;;;;;;;;;;;;;;;;;;;;;;;;;;;;;;;;;;;;;;;;;;;;;;;;;;;;0;;24.11.2021 09:55;0;0;0;0;;;;100
78;;;base;interview;24.11.2021 09:55;159;-9;1;1;1;1;1;21;2;2;2;1;1;;2;5;Rechtswissenschaft ;2,5;3;2;4,5;1;1;1;2;1;1;6;4;2;1;5;2;1;2;5;7;1;2;2;2;1;1;2;4;3;4;2;4;4;4;3;4;1;2;3;3;5;3;3;3;2;3;3;4;2;3;1;5;3;4;4;2;3;3;4;3;2;4;2;2;3;4;5;3;3;3;3;3;2;3;3;2;5;3;2;5;2;1;3;2;3;4;4;2;2;4;5;4;3;3;4;4;4;1;6;3;3;3;4;9;1;10;3;1;12;3;3;7;1;13;;33;3876;50;46;35;67;45;78;60;65;1686;49;74;51;2556;;24.11.2021 11:39;1;0;14;14;2;0;0,91;5
79;;;base;interview;24.11.2021 11:39;160;-9;1;1;1;1;1;25;2;2;2;1;1;;2;6;Psychologie ;1,7;2;1;2;1;1;2;1;1;1;4;4;2;2;4;4;2;2;4;5;1;2;4;4;2;2;3;3;3;4;2;4;3;4;3;4;2;3;3;4;4;2;4;3;3;2;4;3;3;5;2;4;3;3;2;2;3;4;3;2;3;3;4;2;3;3;5;2;4;4;2;3;2;5;4;3;5;3;2;2;2;2;3;3;3;4;4;2;2;2;3;2;2;3;4;4;3;1;7;4;4;4;4;7;1;11;9;1;11;7;7;9;1;13;;1173;400;10;46;43;97;50;133;112;129;2494;57;147;9;3685;;24.11.2021 13:01;1;0;14;14;2;0;1;17
80;;;base;interview;24.11.2021 13:02;161;-9;1;1;1;1;1;23;1;2;1;1;1;;1;5;Medieninformatik ;2,2;2;1;1,5;2;2;1;2;2;1;5;6;2;2;5;5;1;2;5;7;1;1;5;3;1;1;3;3;3;3;2;3;4;3;2;4;3;4;3;2;5;4;3;4;4;3;4;2;4;5;1;4;3;4;1;1;4;3;4;1;4;3;3;4;5;4;4;3;3;5;2;4;2;4;3;4;5;4;3;1;2;3;2;4;5;4;4;3;2;3;3;4;2;3;4;4;4;1;8;4;4;4;4;12;1;9;3;1;7;4;1;1;1;13;;16;163;37;41;38;77;45;83;78;72;1660;89;114;52;2565;;24.11.2021 13:45;1;0;14;14;2;0;0,94;2
81;;;base;interview;24.11.2021 13:45;162;;;;;;;;;;;;;;;;;;;;;;;;;;;;;;;;;;;;;;;;;;;;;;;;;;;;;;;;;;;;;;;;;;;;;;;;;;;;;;;;;;;;;;;;;;;;;;;;;;;;;;;;;;;;;;;;;;;;;;;;;;;;;;;;;;;;247;;;;;;;;;;;;;;247;;24.11.2021 13:50;0;0;1;1;0;0;0,06;0
82;;;base;interview;24.11.2021 14:54;162;-9;1;1;1;1;1;19;3;2;2;2;1;;2;5;Jura;16;2;1;12 Punkte;1;1;1;2;1;1;6;3;1;2;5;3;1;2;5;7;1;2;3;2;1;2;3;3;3;3;1;3;3;3;5;4;4;4;2;2;4;3;4;3;2;3;4;2;2;2;2;2;2;4;3;1;4;4;2;1;4;4;3;3;2;4;2;2;4;4;3;3;2;4;4;4;5;4;2;4;1;4;3;3;2;3;3;1;2;4;5;5;2;2;3;4;4;1;-9;2;3;3;3;13;1;13;7;2;11;9;12;6;3;13;;11;394;27;35;25;64;43;46;53;50;989;1143;74;43;1909;;24.11.2021 15:44;1;0;14;14;2;1;1,18;15
83;;;base;interview;24.11.2021 15:45;164;;1;1;1;1;2;26;2;2;2;1;1;;2;6;Informatik;23;1;1;2.0;2;1;1;1;2;1;4;1;1;1;4;4;1;4;5;7;1;1;4;1;1;1;3;3;3;4;2;4;4;4;3;3;2;4;2;3;5;3;4;5;5;3;4;1;4;5;2;5;2;4;4;1;3;3;2;1;3;4;5;2;4;4;4;4;5;4;2;3;4;5;3;2;4;5;1;3;2;1;5;4;2;5;5;3;2;3;3;3;1;4;;;;;;;;;;;;;;;;;;;;;;906;247;13;36;78;78;68;125;119;127;;;;;851;;24.11.2021 16:15;0;0;10;10;0;0;0,8;6
84;;;base;interview;24.11.2021 16:41;165;-9;1;1;1;1;1;20;4;2;2;2;2;Franzîsisch;2;5;Empirische Bildungsforschung und PÑdagogische Psychologie ;1,5;1;1;14 Punkte ;2;1;1;2;1;1;6;1;1;1;3;2;1;4;3;6;1;1;3;1;1;1;4;3;3;4;1;4;4;4;5;4;3;3;2;5;4;1;3;5;2;3;2;4;3;3;2;2;2;5;4;1;3;4;4;2;5;2;2;3;2;5;4;5;5;1;3;4;2;3;4;2;4;4;4;5;1;2;3;3;2;4;4;2;4;5;4;2;2;3;2;2;3;3;-9;3;3;3;3;13;1;13;3;3;13;1;3;13;3;8;;1264;11;12;31;45;58;26;77;74;78;705;1062;66;7;1261;;24.11.2021 17:39;1;0;14;14;2;1;1,45;65
85;;;base;interview;24.11.2021 17:28;;;;;;;;;;;;;;;;;;;;;;;;;;;;;;;;;;;;;;;;;;;;;;;;;;;;;;;;;;;;;;;;;;;;;;;;;;;;;;;;;;;;;;;;;;;;;;;;;;;;;;;;;;;;;;;;;;;;;;;;;;;;;;;;;;;;;;;;;;;;;;;;;;;0;;24.11.2021 17:28;0;0;0;0;;;;100
86;;;base;interview;24.11.2021 17:40;;;;;;;;;;;;;;;;;;;;;;;;;;;;;;;;;;;;;;;;;;;;;;;;;;;;;;;;;;;;;;;;;;;;;;;;;;;;;;;;;;;;;;;;;;;;;;;;;;;;;;;;;;;;;;;;;;;;;;;;;;;;;;;;;;;;;;;;;;;;;;;;;;;0;;24.11.2021 17:40;0;0;0;0;;;;100
87;;;base;interview;25.11.2021 07:45;166;-9;1;1;1;1;2;23;3;2;2;2;1;;2;5;B.Sc. International Economics ;2,1;4;1;4,0;1;1;1;1;2;1;6;4;1;1;4;5;1;2;5;7;1;1;5;3;1;2;3;3;3;4;1;4;3;4;5;4;4;5;2;4;4;3;4;4;4;3;4;3;2;3;2;3;2;4;4;2;3;4;2;2;2;2;4;2;2;4;4;3;4;2;2;4;2;4;4;2;4;4;2;4;2;2;4;3;2;4;4;2;1;4;3;2;2;3;3;3;3;1;7;3;3;3;3;13;11;5;9;3;7;2;5;8;2;13;;6;4653;27;32;68;87;49;73;74;77;1767;69;124;43;2713;;25.11.2021 09:44;1;0;14;14;2;0;0,97;7
88;;;base;interview;25.11.2021 09:51;172;-9;1;1;1;1;1;23;4;2;2;2;2;Kroatisch;2;5;Erziehungswissenschaft;1,8;3;1;13 Pkt;1;1;2;1;1;1;7;4;2;1;7;5;1;3;5;7;1;1;4;4;1;1;2;3;3;4;2;3;3;4;4;5;3;3;3;4;5;3;4;4;2;2;4;1;4;2;1;4;3;4;4;1;3;4;1;2;1;3;4;1;1;5;4;4;4;3;1;4;3;4;3;2;5;4;2;5;1;3;3;4;3;5;3;2;1;5;3;3;3;3;4;4;4;1;8;4;4;3;3;13;4;13;2;8;3;9;1;6;1;13;;25260;913;49;34;45;60;38;98;73;89;1693;46;126;29;3309;;25.11.2021 17:47;1;0;14;14;2;0;0,85;3
89;;;base;interview;25.11.2021 10:55;167;-9;1;1;1;1;1;19;2;2;2;1;1;;2;5;Jura;2,5;1;1;4+;1;2;2;1;2;1;6;2;4;3;5;3;1;4;5;6;1;4;5;2;2;2;3;4;4;4;4;4;4;4;4;4;3;3;5;5;5;4;3;4;4;3;2;3;2;2;3;3;4;2;4;2;5;3;4;1;4;3;3;3;2;4;3;2;3;1;4;1;2;4;4;1;4;5;3;2;2;2;3;3;4;5;4;2;2;4;4;4;2;3;3;4;4;2;7;4;3;3;4;4;1;1;3;1;13;4;13;1;3;13;;183;78;35;30;47;78;40;90;95;105;1621;51;95;54;2602;;25.11.2021 11:39;1;0;14;14;2;0;1;8
90;;;base;interview;25.11.2021 11:42;168;-9;1;1;1;1;1;18;3;2;2;1;2;Franzîsisch ;2;5;Jura;2,2;1;1;6;1;2;2;1;2;1;6;1;1;1;5;2;1;1;5;7;1;2;6;1;3;1;3;3;3;4;2;4;3;3;5;5;3;2;4;3;5;3;3;3;3;2;3;3;3;4;1;3;3;4;2;2;3;4;5;1;5;3;3;2;3;5;3;5;3;3;2;3;2;3;4;3;5;2;4;4;1;3;3;5;3;4;4;3;3;4;5;3;3;3;4;4;4;2;8;4;4;4;4;11;11;11;5;9;9;3;9;7;3;11;;2784;1862;84;47;40;92;43;90;86;70;1849;45;90;22;2735;;25.11.2021 13:42;1;0;14;14;2;0;0,84;4
91;;;base;interview;25.11.2021 13:46;169;-9;1;1;1;1;1;33;2;2;2;1;1;;2;6;Erziehungswissenschaft ;1,5;1;1;12 Punkte;2;2;1;2;2;1;5;7;1;1;4;4;1;1;5;7;1;1;5;3;1;1;4;4;3;4;3;4;3;4;3;4;1;3;2;3;5;1;4;5;2;3;4;2;3;4;1;5;3;5;3;1;1;3;1;1;4;2;2;2;3;5;5;4;5;3;3;4;3;5;4;1;5;4;2;4;1;1;2;1;3;5;5;3;1;4;5;1;3;3;4;4;4;2;8;4;4;3;4;12;6;5;2;1;7;10;6;2;2;13;;7;901;36;32;68;77;41;72;52;48;1741;56;147;41;3319;;25.11.2021 14:41;1;0;14;14;2;0;1,03;8
92;;;base;interview;25.11.2021 14:43;170;-9;1;1;1;1;1;19;3;2;2;1;2;Chinesisch, Franzîsisch;2;5;Molekulare Medizin;1,1;2;1;14;2;1;2;1;1;1;6;2;1;2;5;5;1;2;6;7;1;2;5;2;1;2;4;3;3;4;2;3;4;4;3;3;1;4;4;2;5;2;3;2;2;2;4;2;4;4;3;5;3;2;2;1;2;4;1;4;4;3;4;2;4;4;5;5;2;4;2;3;3;4;3;2;5;4;3;4;2;1;2;5;4;5;5;2;2;4;5;1;2;3;4;3;4;1;8;3;3;4;3;11;1;2;2;1;10;11;3;9;1;11;Falls es Spiegelungen waren, waren sie nicht gleich;6;1413;21;44;75;75;30;94;84;88;1868;234;176;5;4034;;25.11.2021 15:53;1;0;14;14;1;0;1,08;29
93;;;base;interview;25.11.2021 16:00;171;-9;1;1;1;1;2;26;3;2;2;1;2;Franzîsisch ;1;6;Kognitionswissenschaft;2,4;1;2;3,0;1;1;2;1;1;1;4;3;2;1;6;7;1;1;7;7;1;1;7;5;1;1;4;4;1;4;1;4;3;4;2;4;2;4;1;2;5;1;4;5;5;2;3;3;4;5;1;5;1;5;4;1;2;4;4;1;5;1;4;1;5;5;3;4;5;2;1;4;3;4;4;1;5;5;3;1;1;4;5;1;5;5;5;2;1;3;4;1;1;4;4;4;4;1;8;4;4;4;4;5;6;4;2;2;8;9;4;2;1;10;Bei Aufgaben mit 3D, Bewegen des Kopfes zur Erkennung von Teilen, die evtl. verdeckt sind;8;178;51;48;104;148;68;172;113;150;2277;61;308;52;3282;;25.11.2021 17:03;1;0;14;14;1;0;0,73;4
94;;;base;interview;26.11.2021 07:48;173;;;;;;;;;;;;;;;;;;;;;;;;;;;;;;;;;;;;;;;;;;;;;;;;;;;;;;;;;;;;;;;;;;;;;;;;;;;;;;;;;;;;;;;;;;;;;;;;;;;;;;;;;;;;;;;;;;;;;;;;;;;;;;;;;;;;15;;;;;;;;;;;;;;15;;26.11.2021 07:48;0;0;1;1;0;0;1,07;3
95;;;base;interview;26.11.2021 07:55;174;-9;1;1;1;1;1;22;2;2;2;1;1;;2;5;Englisch & Philosophie B.Ed., Sportwissenschaft Gesundheitsfîrderung B.Sc.;2,3;2;1;4;1;1;2;1;1;1;6;3;5;1;6;5;2;1;6;7;1;1;5;2;1;1;4;3;4;4;3;4;3;3;4;5;2;2;2;5;5;2;3;5;1;2;3;4;4;2;1;3;4;5;5;2;3;3;2;2;5;2;2;1;2;4;5;5;5;2;2;3;3;4;4;2;4;3;1;4;1;1;2;2;1;4;4;3;1;5;3;3;3;4;4;3;3;2;5;3;3;4;4;11;7;7;3;5;9;11;4;3;1;13;;7;241;13;29;53;38;27;48;41;47;1799;46;65;20;2474;;26.11.2021 08:36;1;0;14;14;2;0;1,51;26
96;;;base;interview;26.11.2021 08:38;175;;;;;;;;;;;;;;;;;;;;;;;;;;;;;;;;;;;;;;;;;;;;;;;;;;;;;;;;;;;;;;;;;;;;;;;;;;;;;;;;;;;;;;;;;;;;;;;;;;;;;;;;;;;;;;;;;;;;;;;;;;;;;;;;;;;;6;;;;;;;;;;;;;;6;;26.11.2021 08:38;0;0;1;1;0;0;2,67;83
97;;;base;interview;26.11.2021 08:58;175;-9;1;1;1;1;2;19;2;2;2;1;1;;2;5;Mathematik B.Sc.;2,3;1;1;2;1;1;2;1;1;1;5;5;2;1;4;3;1;2;6;7;1;2;4;2;1;1;3;3;3;4;4;3;4;4;5;4;5;5;1;4;5;4;3;5;4;3;4;2;4;3;2;1;2;5;5;1;4;4;1;3;3;4;4;1;1;4;1;3;5;2;4;3;2;5;4;4;3;5;1;5;3;5;5;2;3;5;3;2;1;3;5;4;3;4;3;4;4;1;6;4;4;4;4;10;3;7;6;3;7;3;3;1;3;11;;21;5;43;32;48;106;47;68;73;73;3310;43;149;16;2410;;26.11.2021 10:06;1;0;14;14;2;0;1,13;42
98;;;base;interview;26.11.2021 09:49;177;;;;;;;;;;;;;;;;;;;;;;;;;;;;;;;;;;;;;;;;;;;;;;;;;;;;;;;;;;;;;;;;;;;;;;;;;;;;;;;;;;;;;;;;;;;;;;;;;;;;;;;;;;;;;;;;;;;;;;;;;;;;;;;;;;;;36;;;;;;;;;;;;;;36;;26.11.2021 09:50;0;0;1;1;0;0;0,44;0
99;;;base;interview;26.11.2021 09:50;177;-9;1;1;1;1;1;24;3;2;2;1;2;Franzîsisch, Japanisch;2;6;Geowissenschaften ;1,7;2;1;7 Punkte (Note 3);1;2;1;2;2;1;5;5;2;3;5;4;2;1;5;7;1;2;4;3;1;1;3;4;2;4;3;4;4;4;4;4;4;3;4;2;5;4;3;5;2;3;3;4;4;3;2;4;4;4;4;2;5;4;4;3;4;4;2;2;3;4;4;3;4;4;3;5;3;4;3;3;4;4;1;4;1;3;2;2;3;3;4;3;3;4;4;1;4;4;4;4;4;1;6;3;2;3;3;13;11;11;11;5;11;7;3;5;3;13;;5;1032;26;66;49;61;30;57;57;82;1679;56;79;49;3328;;26.11.2021 10:45;1;0;14;14;2;0;1,12;13
100;;;base;interview;26.11.2021 10:46;178;-9;1;1;1;1;1;23;2;2;2;1;1;;2;5;Humanmedizin;12;2;1;12 Punkte im Abitur;1;2;2;1;2;1;7;6;3;1;6;6;1;1;6;7;1;1;7;7;1;1;3;4;3;4;2;4;3;4;3;3;1;3;4;2;2;2;2;2;1;5;2;5;2;3;2;5;5;1;2;2;2;3;2;1;1;1;2;1;4;3;5;5;2;2;3;4;4;3;4;4;4;1;1;3;2;1;1;5;4;4;4;4;1;4;2;1;5;3;4;4;4;1;9;4;4;4;4;12;3;12;5;9;13;7;5;9;3;11;;9;1224;13;27;29;34;22;43;41;36;1740;233;78;37;3388;;26.11.2021 11:46;1;0;14;14;2;0;1,43;27
101;;;base;interview;26.11.2021 11:48;179;-9;1;1;1;1;2;18;2;2;2;1;1;;1;5;Physik;1,4;5;1;1,0;1;1;2;1;1;1;6;4;1;1;5;5;1;2;6;7;1;2;5;3;1;1;2;3;2;4;3;4;4;4;4;4;3;3;4;2;5;4;3;5;2;1;3;3;4;4;1;3;3;3;2;1;4;2;3;4;5;4;4;2;5;3;3;4;3;4;3;3;1;4;3;2;3;3;2;4;1;2;2;4;3;5;3;2;2;4;5;2;3;4;4;3;4;2;8;4;3;3;4;10;1;11;2;1;12;7;10;11;1;13;;5;659;18;58;58;56;37;68;64;69;276;1475;90;34;1547;;26.11.2021 12:37;1;0;14;14;2;0;1,22;31
102;;;base;interview;26.11.2021 12:47;180;;;;;;;;;;;;;;;;;;;;;;;;;;;;;;;;;;;;;;;;;;;;;;;;;;;;;;;;;;;;;;;;;;;;;;;;;;;;;;;;;;;;;;;;;;;;;;;;;;;;;;;;;;;;;;;;;;;;;;;;;;;;;;;;;;;;10;;;;;;;;;;;;;;10;;26.11.2021 12:47;0;0;1;1;0;0;1,6;30
103;;;base;interview;26.11.2021 13:00;180;-9;1;1;1;1;1;21;3;2;2;1;2;Koreanisch;2;5;International Business Administration ;1,7;2;1;6 Punkte;3;2;2;1;2;1;6;2;2;3;6;3;1;1;6;7;1;1;6;4;1;1;4;3;4;4;4;4;4;4;3;4;2;4;2;2;4;2;3;5;1;3;4;1;2;4;3;4;2;4;3;1;1;3;2;2;3;1;5;2;2;4;3;4;5;2;1;4;2;4;3;1;5;5;2;3;1;1;4;1;4;5;5;2;2;5;5;2;3;3;3;3;4;2;7;4;4;4;4;13;4;5;2;6;7;6;2;3;2;12;;4;110;26;43;51;62;34;74;73;54;223;1596;187;44;1040;;26.11.2021 13:43;1;0;14;14;2;0;1,27;40
104;;;base;interview;26.11.2021 13:47;181;-9;1;1;1;1;2;19;2;2;2;1;1;;2;5;Economics and Business Administration;14;2;1;13;1;1;1;2;1;1;7;4;2;2;5;4;1;2;5;7;1;2;5;3;1;1;4;3;3;3;2;3;2;4;4;3;3;4;5;4;5;1;3;4;3;4;5;2;2;3;3;4;2;3;3;1;1;4;2;2;4;2;4;4;2;2;3;2;2;2;2;4;1;4;3;1;5;4;4;3;2;2;4;4;3;4;5;1;2;3;4;2;3;3;4;4;4;1;8;3;3;4;3;9;6;8;2;3;11;5;1;10;3;13;;732;104;21;38;35;76;43;71;87;71;1641;51;176;21;2451;;26.11.2021 14:39;1;0;14;14;2;0;1,06;9
105;;;base;interview;26.11.2021 14:44;183;-9;1;1;1;1;2;30;2;2;2;1;1;;2;6;Bioinformatik M.Sc;1,4;1;1;1,3;2;1;1;2;1;1;3;1;1;1;2;1;1;4;4;7;1;1;4;1;1;2;4;4;2;4;1;4;2;4;3;2;2;2;1;3;4;4;2;5;1;5;1;2;3;2;3;2;2;5;3;2;4;2;1;1;4;4;3;1;4;3;4;3;5;4;3;3;5;5;3;2;4;3;1;5;2;1;2;1;2;3;1;5;1;4;2;2;2;5;3;2;3;2;5;3;2;2;2;7;1;5;2;6;7;2;1;5;1;12;;31;1243;44;29;79;96;24;65;62;65;2501;79;115;33;4466;;26.11.2021 15:58;1;0;14;14;2;0;0,88;4
106;;;base;interview;26.11.2021 16:19;;;;;;;;;;;;;;;;;;;;;;;;;;;;;;;;;;;;;;;;;;;;;;;;;;;;;;;;;;;;;;;;;;;;;;;;;;;;;;;;;;;;;;;;;;;;;;;;;;;;;;;;;;;;;;;;;;;;;;;;;;;;;;;;;;;;;;;;;;;;;;;;;;;0;;26.11.2021 16:19;0;0;0;0;;;;100
107;;;base;interview;26.11.2021 16:58;184;-9;1;1;1;1;2;21;1;2;1;1;1;;2;5;Medienwissenschaften (HF)/Allgemeine Rhetorik (NF);2,2;1;1;2,7;2;2;2;1;2;1;5;2;1;1;3;2;1;2;5;5;1;1;3;2;1;1;3;3;3;4;2;3;3;4;2;4;4;3;1;2;5;3;2;4;2;3;3;2;4;3;1;2;2;5;2;2;3;2;1;3;3;2;3;1;3;4;2;5;4;3;2;3;4;4;2;3;4;3;1;3;2;3;1;3;4;4;3;4;2;3;2;3;2;4;3;3;4;2;6;3;3;3;3;9;7;5;1;3;1;13;1;1;1;13;;13;387;70;39;116;91;46;110;93;109;1914;101;129;54;3272;;26.11.2021 17:52;1;0;14;14;2;0;0,73;1
108;;;base;interview;29.11.2021 08:01;185;-9;1;1;1;1;1;24;4;2;2;2;2;Franzîsisch;2;6;Psychologie ;15;2;1;3;1;1;2;1;1;1;6;2;1;1;4;3;1;3;5;7;1;1;5;2;1;1;2;3;3;4;3;3;2;4;4;5;2;4;1;3;5;2;4;5;2;3;4;2;4;4;1;4;3;5;3;1;3;3;2;1;4;2;5;1;2;5;4;4;5;2;2;3;2;4;4;3;5;5;1;5;1;1;2;1;2;5;3;3;1;4;4;2;2;4;4;3;3;2;7;4;4;4;4;4;1;6;6;4;7;7;1;6;4;13;;18;177;14;36;29;67;40;58;66;64;1855;60;113;27;2624;;29.11.2021 08:45;1;0;14;14;2;0;1,17;10
109;;;base;interview;29.11.2021 08:49;186;-9;1;1;1;1;1;25;2;2;1;1;2;Ungarisch;2;6;Nano-Science;10;3;1;1;1;1;1;1;2;1;5;3;2;1;5;6;1;3;4;7;1;1;5;2;1;1;3;4;3;4;2;3;4;3;5;4;3;4;1;2;5;2;4;5;2;2;3;2;4;3;1;3;2;5;4;1;3;4;3;1;3;2;4;2;2;4;4;2;5;2;1;4;1;4;5;2;4;4;2;4;1;2;3;1;2;5;4;1;2;4;4;1;2;4;4;3;4;1;7;3;4;4;4;5;2;10;2;4;12;4;1;11;1;1;Keine ;12;925;27;36;30;78;35;50;48;47;1728;51;136;35;3238;;29.11.2021 09:43;1;0;14;14;1;0;1,11;10
110;;;base;interview;29.11.2021 09:45;188;-9;1;1;1;1;1;18;3;2;2;1;2;Koreanisch;2;5;Koreanistik;1,7;2;1;1- (13 Notenpunkte);1;1;1;2;1;1;7;5;5;1;5;6;2;1;5;7;1;1;5;5;2;1;3;4;2;4;2;4;3;3;3;5;2;4;3;3;5;3;5;5;3;2;4;2;4;5;2;5;2;3;3;1;2;5;3;2;4;2;5;1;3;3;5;2;4;4;1;5;2;3;5;2;5;5;2;3;2;2;4;2;2;5;5;1;3;3;4;1;1;3;4;4;4;2;8;4;4;4;4;9;1;1;3;3;9;1;1;3;1;13;;90;478;36;49;65;88;35;83;60;71;2082;48;131;33;3349;;29.11.2021 10:41;1;0;14;14;2;0;0,84;1
111;;;base;interview;29.11.2021 10:50;189;-9;1;1;1;1;1;25;2;2;2;1;1;;2;5;Empirische Bildungsforschung und pÑdagogische Psychologir;1,8;2;1;4;2;1;1;2;1;1;7;2;2;1;5;2;1;3;6;7;1;1;3;2;1;1;3;2;4;3;4;3;3;3;3;5;3;5;5;3;5;2;4;5;1;2;3;3;5;5;1;3;2;3;4;2;2;3;2;2;5;2;5;2;4;5;5;5;4;3;2;4;2;5;4;4;5;3;1;4;1;2;2;1;1;5;5;2;4;5;4;2;2;5;3;4;4;1;4;3;4;3;4;13;13;13;1;1;13;13;1;1;5;13;;6;570;17;21;52;42;22;38;34;38;288;1140;72;16;1271;;29.11.2021 11:29;1;0;14;14;2;0;1,67;49
112;;;base;interview;29.11.2021 11:30;190;-9;1;1;1;1;2;68;4;2;2;2;2;Franzîsisch, Italenisch, Russisch;2;7;Evangelische Theologie;2;1;1;1;2;1;2;1;1;1;7;7;7;1;7;7;7;1;7;7;1;1;7;7;7;1;4;4;4;4;4;4;4;4;5;5;4;3;1;5;5;2;5;5;3;2;4;4;5;5;1;3;2;5;4;2;2;5;1;1;4;4;5;2;2;4;4;4;5;2;5;4;1;5;5;4;5;4;1;4;2;4;4;1;3;5;4;1;1;4;4;1;1;5;4;4;4;1;1;4;4;4;4;12;3;9;5;13;8;8;8;6;2;12;Wie bei biochemischen Formeln.;1596;72;48;149;68;72;40;114;165;150;3021;64;153;39;3886;;29.11.2021 13:06;1;0;14;14;1;0;0,79;7
113;;;base;interview;29.11.2021 12:42;;;;;;;;;;;;;;;;;;;;;;;;;;;;;;;;;;;;;;;;;;;;;;;;;;;;;;;;;;;;;;;;;;;;;;;;;;;;;;;;;;;;;;;;;;;;;;;;;;;;;;;;;;;;;;;;;;;;;;;;;;;;;;;;;;;;;;;;;;;;;;;;;;;0;;29.11.2021 12:42;0;0;0;0;;;;100
114;;;base;interview;29.11.2021 12:42;191;-9;1;1;1;1;1;23;3;2;2;2;1;;2;6;Englisch, Spanisch, Erziehungswissenschaft;2,2;1;1;2,25;1;1;2;1;1;1;6;4;1;1;5;6;1;2;5;7;1;1;6;6;1;2;3;3;2;4;2;4;4;4;3;4;1;4;4;3;5;2;5;4;3;2;4;3;2;4;1;5;2;2;2;2;3;3;4;2;4;2;3;3;4;5;5;4;3;2;1;3;2;2;3;4;5;4;3;4;1;1;3;3;3;5;5;2;4;4;4;2;2;3;4;4;4;1;8;4;4;4;4;10;10;7;3;1;9;7;5;3;1;13;;4907;181;64;33;110;104;45;91;74;69;1858;70;143;54;2912;;29.11.2021 14:52;1;0;14;14;2;0;0,76;1
115;;;base;interview;29.11.2021 13:11;;;;;;;;;;;;;;;;;;;;;;;;;;;;;;;;;;;;;;;;;;;;;;;;;;;;;;;;;;;;;;;;;;;;;;;;;;;;;;;;;;;;;;;;;;;;;;;;;;;;;;;;;;;;;;;;;;;;;;;;;;;;;;;;;;;;;;;;;;;;;;;;;;;0;;29.11.2021 13:11;0;0;0;0;;;;100
116;;;base;interview;29.11.2021 16:03;192;-9;1;1;1;1;2;21;2;2;2;1;1;;2;5;Physik, Informatik;2,1;3;3;12;1;2;1;2;2;1;6;1;3;2;5;1;1;1;5;7;1;1;4;1;1;1;2;4;3;4;2;3;3;4;3;4;3;5;2;3;5;4;4;4;2;3;4;4;2;5;1;5;2;4;5;2;2;5;1;2;5;2;4;2;4;3;2;1;4;3;3;2;3;5;2;1;4;5;1;4;1;3;3;4;1;4;2;3;1;3;5;1;1;3;4;4;4;2;7;3;3;4;3;10;1;13;3;6;11;10;5;5;1;13;;8;92;38;50;86;77;58;122;129;247;2157;93;157;62;3141;;29.11.2021 16:59;1;0;14;14;2;0;0,86;8
117;;;base;interview;29.11.2021 17:06;193;-9;1;1;1;1;1;27;3;2;2;1;2;Franzîsisch;1;5;Humanmedizin ;1,6;2;1;3;2;1;1;2;1;1;6;5;1;1;6;6;1;2;6;7;1;1;5;4;1;1;4;4;2;4;1;4;4;4;4;5;1;4;2;4;5;2;5;4;1;2;3;4;2;3;1;5;2;5;4;1;2;5;2;1;4;2;4;2;2;5;5;2;4;2;1;4;1;3;4;1;5;4;2;4;1;1;4;1;2;5;4;1;3;4;5;2;2;4;4;3;4;1;7;4;4;4;4;13;13;9;5;5;11;9;1;1;1;13;;11;46;10;31;23;48;29;45;44;47;1771;38;74;9;2226;;29.11.2021 17:43;1;0;14;14;2;0;1,79;49
118;;;base;interview;30.11.2021 09:59;194;-9;1;1;1;1;1;23;2;2;2;1;1;;2;6;Evolution und ôkologie;1,9;2;4;3 ;1;1;2;1;1;1;3;1;1;2;5;3;3;1;5;7;1;1;2;1;1;1;2;2;3;2;2;1;1;3;3;4;4;2;3;2;5;4;1;3;4;3;2;3;4;3;2;1;5;3;3;1;5;2;3;4;4;3;2;2;3;3;3;5;2;3;2;3;4;3;3;3;4;2;1;3;3;4;1;3;3;5;2;5;3;3;3;2;3;4;3;3;3;2;6;3;3;4;4;11;7;12;1;1;12;3;7;5;6;13;;14;275;37;33;32;78;46;90;76;89;2043;49;132;50;3044;;30.11.2021 10:49;1;0;14;14;2;0;0,94;4
119;;;base;interview;30.11.2021 10:59;195;-9;1;1;1;1;2;24;3;2;2;2;1;;2;5;Lehramt englisch und Geschichte ;3,4;3;1;5+;1;2;2;1;2;1;6;1;1;3;4;2;1;1;6;7;1;2;3;2;1;2;3;4;3;4;2;4;3;4;2;4;2;3;2;2;5;3;4;3;2;2;4;3;2;4;2;5;2;5;2;1;1;5;1;3;4;2;4;2;4;4;4;3;4;3;2;4;3;3;3;2;5;5;2;3;2;1;2;2;3;5;5;2;3;4;4;1;2;2;4;4;4;4;5;3;3;3;3;11;11;11;3;1;11;7;3;11;1;13;;48;124;13;51;120;82;42;80;70;69;1520;115;75;33;2442;;30.11.2021 11:40;1;0;14;14;2;0;1,01;9
120;;;base;interview;30.11.2021 11:57;196;-9;1;1;1;1;2;20;3;2;2;2;1;;2;5;Sportwissenschaft;20;3;4;10;1;2;1;2;2;1;6;5;3;2;6;5;2;3;5;6;1;2;6;5;2;2;3;4;3;3;2;3;3;3;5;5;4;4;3;4;5;4;4;5;2;3;4;3;4;2;2;3;3;3;3;1;4;4;4;1;4;3;5;1;3;5;4;2;4;2;2;3;2;4;5;2;5;4;2;5;1;3;4;5;2;5;4;2;3;5;5;3;2;4;4;3;3;1;7;3;3;4;3;13;5;7;3;3;10;6;8;10;2;13;;11;217;34;42;35;74;34;82;71;78;2305;72;100;46;3201;;30.11.2021 12:50;1;0;14;14;2;0;0,99;4
121;;;base;interview;30.11.2021 12:58;197;-9;1;1;1;1;1;21;2;2;2;1;1;;2;5;Molekulare Medizin;1,1;2;1;1;2;1;1;2;1;1;5;2;1;3;5;4;1;3;5;7;1;3;5;3;1;2;4;3;2;4;2;2;2;4;4;4;1;5;3;3;5;2;4;5;1;3;3;4;4;4;1;4;2;4;2;1;2;5;1;1;5;2;4;3;2;3;4;4;4;3;2;2;1;5;4;2;4;3;4;4;1;1;4;1;2;4;4;4;2;3;4;2;4;3;4;3;4;2;7;2;2;3;3;9;3;5;3;1;9;1;1;5;2;9;Ich habe verglichen, ob die Wendungen beim entlanglaufen der Figur nach rechts, links, oben oder unten gehen wenn man an dem identischen Ende beginnt;15;355;41;45;46;93;66;95;85;233;1911;83;328;63;3076;;30.11.2021 13:55;1;0;14;14;1;0;0,71;1
122;;;base;interview;30.11.2021 13:59;198;-9;1;1;1;1;2;22;1;2;1;1;1;;2;5;Informatik;16;1;1;2.6;1;1;1;2;1;1;6;3;4;2;5;3;1;2;5;7;1;1;4;2;1;2;4;4;3;4;1;4;4;4;3;4;1;3;2;3;5;1;4;5;4;3;4;1;4;5;1;5;2;4;3;1;1;2;3;3;4;3;5;2;5;4;5;3;4;2;1;3;3;4;3;2;4;5;3;2;1;1;2;2;3;5;5;2;1;3;4;3;2;4;4;4;4;1;7;4;4;4;4;7;1;5;2;3;7;3;3;2;1;9;Richtungen in die die Abschnitte gedreht waren wurden miteinander verglichen;5;133;44;32;63;84;41;89;83;74;682;1021;158;54;1597;;30.11.2021 14:42;1;0;14;14;1;0;1,11;16
123;;;base;interview;30.11.2021 14:57;199;-9;1;1;1;1;2;22;2;2;2;1;1;;2;6;Bioinformatik;21;1;1;1.7;1;1;1;2;1;1;5;2;2;3;4;3;2;5;4;6;2;4;3;2;2;2;3;3;2;3;3;2;2;3;3;4;2;3;2;3;4;3;4;4;2;2;3;3;3;4;2;4;2;4;4;2;3;4;2;2;3;2;3;2;3;4;4;3;4;3;3;3;2;4;4;3;4;3;3;3;2;2;3;3;3;4;4;3;2;3;4;2;2;3;3;2;3;2;6;3;3;3;3;10;4;7;5;3;7;9;6;2;1;11;Nach Symmetrien gesucht ;6;112;16;41;61;86;50;69;61;76;117;1564;142;50;942;;30.11.2021 15:38;1;0;14;14;1;0;1,24;48
124;;;base;interview;30.11.2021 15:42;201;-9;1;1;1;1;2;26;2;2;2;1;1;;2;6;Informatik;2,3;1;1;2,0;2;1;1;1;2;1;5;1;1;1;1;1;1;5;5;7;1;1;1;1;1;1;3;3;3;4;2;3;4;4;2;3;1;4;1;4;5;3;3;5;5;3;4;1;4;5;3;5;2;5;3;1;4;3;2;2;3;2;5;1;4;4;5;4;5;4;3;2;4;5;4;2;4;5;1;3;1;1;4;4;3;4;4;2;2;1;3;2;1;5;3;3;3;1;6;3;2;3;3;9;10;11;5;2;9;5;3;10;2;13;;1181;20;11;26;27;73;47;100;114;102;1995;70;207;95;2842;;30.11.2021 16:49;1;0;14;14;2;0;1,09;46
125;;;base;interview;30.11.2021 16:51;202;-9;1;1;1;1;1;31;3;2;2;1;2;Vietnamesisch;2;6;Sinologie ;3;3;4;4;3;1;2;1;1;1;4;2;1;1;5;2;1;2;5;7;1;1;2;1;1;1;2;3;3;3;2;3;3;3;4;4;2;2;4;3;4;3;4;4;1;3;3;3;3;3;2;3;4;4;3;2;3;4;2;2;3;3;2;2;3;3;4;3;3;3;2;3;2;3;3;4;4;2;2;4;2;2;2;2;3;4;3;2;4;4;3;2;3;3;4;4;4;1;8;3;3;3;3;3;2;11;2;1;9;7;8;2;13;13;;558;176;39;66;24;60;33;68;62;68;2138;33;92;50;2925;;30.11.2021 17:48;1;0;14;14;2;0;1,04;10
126;;;base;interview;01.12.2021 09:01;203;-9;1;1;1;1;2;20;3;2;2;1;2;Franzîsisch;2;5;Geographie;2,2;2;1;11;2;1;2;1;1;1;6;1;1;1;4;1;1;4;5;7;1;3;5;2;1;1;2;3;3;3;2;4;2;3;4;5;2;5;5;4;5;3;3;4;2;3;4;2;5;4;1;5;3;1;5;1;5;5;1;3;2;2;4;5;2;4;5;2;1;3;1;3;1;4;4;2;5;5;2;4;1;1;3;5;3;5;2;2;3;3;3;1;1;3;4;4;4;1;5;3;2;2;3;8;1;13;5;1;1;8;1;1;1;13;;35;76;39;39;30;62;37;70;78;87;1685;48;107;37;2430;;01.12.2021 09:41;1;0;14;14;2;0;1,12;10
127;;;base;interview;01.12.2021 10:00;204;-9;1;1;1;1;1;28;2;2;2;1;1;;1;6;Geschichtswissenschaft ;2,1;1;1;8;2;2;2;1;2;1;6;2;1;2;5;4;1;1;5;7;1;1;4;3;1;1;3;3;4;3;2;3;3;3;1;3;3;3;4;3;4;3;2;4;3;4;3;5;4;3;2;3;4;3;3;3;4;1;2;4;2;3;2;2;4;3;3;5;3;2;4;2;4;3;2;5;4;2;2;3;2;2;1;3;3;3;2;4;2;4;2;2;4;3;4;3;3;1;6;3;3;4;3;9;1;12;5;3;12;13;7;5;3;7;Ich habe verglichen, in welche Richtung die Figuren gezeigt haben (oben/unten vs links/rechts);9;68;17;37;60;46;31;54;46;46;1788;36;144;24;2406;;01.12.2021 10:40;1;0;14;14;1;0;1,44;24
128;;;base;interview;01.12.2021 10:58;205;-9;1;1;1;1;1;28;2;2;2;1;1;;2;7;Kunstgeschichte ;15;2;1;3;1;1;2;1;1;1;6;5;6;1;6;6;4;2;6;7;1;1;6;4;3;1;3;4;2;4;3;3;3;4;3;5;2;2;1;2;4;1;2;5;1;2;5;5;2;2;1;5;3;5;2;1;1;3;3;2;2;1;2;1;5;5;5;5;5;4;1;5;3;4;4;2;5;2;1;3;1;1;2;1;4;5;5;3;2;4;4;2;3;4;4;3;4;1;7;4;4;4;4;11;1;11;1;13;9;2;2;5;1;13;;8;50;13;26;28;48;30;63;49;47;1751;30;57;23;2223;;01.12.2021 11:35;1;0;14;14;2;0;1,67;39
129;;;base;interview;01.12.2021 11:39;206;-9;1;1;1;1;1;18;2;2;2;1;1;;1;5;Empirische Bildungsforschung und pÑdagogische Psychologie ;1,9;1;1;13 Notenpunkte;2;1;1;1;2;1;6;2;1;1;4;4;1;2;5;7;1;1;5;4;1;2;3;3;2;3;1;3;3;3;3;4;1;3;3;4;4;2;4;4;3;2;4;2;3;4;1;5;2;3;4;1;1;4;2;1;3;2;4;2;3;4;4;2;4;3;1;4;1;3;4;2;5;4;2;3;1;1;4;4;2;4;4;1;2;2;2;1;2;3;3;3;4;1;6;4;4;3;3;9;1;11;3;7;11;11;3;1;3;13;;1064;188;51;31;63;72;39;86;68;76;1561;85;96;43;2475;;01.12.2021 12:38;1;0;14;14;2;0;0,87;2
130;;;base;interview;01.12.2021 12:41;207;-9;1;1;1;1;1;24;4;2;2;2;2;Franzîsisch, Italienisch, Portugiesisch, Japanisch;2;7;Englisch, Spanisch ;1,7;2;2;2;2;1;1;2;1;1;5;5;4;2;6;5;1;2;5;7;1;1;6;5;2;1;3;3;3;4;3;4;3;3;5;5;2;3;4;2;5;4;4;4;1;4;4;2;2;3;1;4;5;2;2;1;5;4;5;1;4;3;2;3;1;5;5;4;3;2;2;3;2;2;4;3;5;4;3;5;1;1;2;5;4;5;4;1;4;4;3;1;2;2;4;4;4;1;8;2;3;3;2;5;1;13;1;9;13;9;13;13;3;13;;1281;41;22;59;32;48;28;63;63;79;1789;37;71;36;2384;;01.12.2021 13:42;1;0;14;14;2;0;1,24;26
131;;;base;interview;01.12.2021 15:59;210;-9;1;1;1;1;1;22;3;2;2;1;2;TÅrkisch;2;5;Rechtswissenschaften;2,2;1;1;3;1;1;2;1;1;1;5;2;1;1;6;5;1;1;6;7;1;1;5;4;1;1;3;3;3;3;4;4;4;4;5;5;2;3;3;4;5;3;3;4;2;3;5;2;2;3;1;4;2;5;4;2;3;4;2;1;3;2;3;4;1;5;5;4;3;3;1;4;1;3;4;2;5;3;3;5;1;2;4;4;2;5;4;1;4;4;4;1;2;2;3;3;3;1;7;3;3;3;3;10;1;10;1;1;10;10;1;11;1;13;;6;25;27;38;53;57;29;75;71;64;1772;35;70;28;2350;;01.12.2021 16:38;1;0;14;14;2;0;1,4;41
132;;;base;interview;01.12.2021 16:45;211;-9;1;1;1;1;1;23;2;2;2;1;1;;2;7;Pharmazie;1,9;1;1;12 Punkte;2;1;1;2;1;1;7;5;5;4;7;2;5;1;7;7;2;1;6;2;5;2;4;4;4;4;4;4;4;3;4;2;5;4;5;4;5;5;3;3;5;2;4;3;4;4;3;1;2;1;4;2;5;2;2;4;2;4;3;2;2;4;4;4;1;2;1;2;4;5;2;4;5;5;1;4;2;5;3;3;2;5;5;4;1;4;3;4;2;3;4;4;4;2;8;4;4;4;3;13;11;5;1;3;11;13;1;1;1;13;;69;923;12;32;55;69;26;66;81;67;207;1583;68;14;1744;;01.12.2021 17:39;1;0;14;14;2;0;1,25;40
133;;;base;interview;02.12.2021 11:05;215;-9;1;1;1;1;1;18;3;2;2;1;2;Franzîsisch ;2;5;Klassische ArchÑologie HF und Sozial und kulturanthropologie NF;2,5;2;1;60%;1;1;1;2;1;1;6;4;3;2;3;3;2;1;5;5;1;4;4;2;1;1;4;3;3;4;4;3;3;4;5;5;3;3;1;3;5;3;2;5;2;1;3;3;5;3;1;5;2;5;1;1;3;3;2;1;5;2;5;1;2;4;5;5;5;3;1;3;1;4;4;3;5;5;1;4;1;2;1;3;4;5;4;2;4;4;5;3;1;5;4;4;4;1;8;3;4;4;4;11;3;1;5;1;1;10;1;11;3;13;;14;129;25;36;59;54;36;63;58;57;1818;28;101;49;2527;;02.12.2021 11:47;1;0;14;14;2;0;1,18;11
134;;;base;interview;02.12.2021 12:03;214;-9;1;1;1;1;2;24;2;2;2;1;1;;2;5;Anglistik, Empirische Kulturwissenschaft;2,7;1;1;3;2;1;1;1;2;1;7;2;4;1;4;4;1;1;5;7;1;1;4;1;1;1;3;4;3;4;2;4;3;3;3;4;3;5;2;4;5;3;4;4;2;3;4;1;4;5;2;4;1;5;5;1;4;4;2;2;4;2;5;2;3;4;4;3;5;3;4;5;1;4;3;2;3;5;2;3;1;2;5;1;2;4;5;1;2;4;4;2;1;4;4;4;4;1;6;4;4;4;4;7;1;9;11;1;11;7;1;3;9;13;;5;43;13;53;73;84;35;77;63;67;1838;45;247;8;2651;;02.12.2021 12:47;1;0;14;14;2;0;1,44;40
135;;;base;interview;02.12.2021 16:03;216;-9;1;1;1;1;1;26;4;2;2;2;2;Franzîsisch;2;7;Mathematik, Chemie;1,6;2;1;2;2;2;1;2;2;1;7;2;1;1;5;5;1;2;6;7;1;1;5;5;1;1;4;3;1;4;1;4;2;4;4;5;1;4;5;4;5;1;4;5;1;4;4;3;2;2;1;4;3;1;5;2;5;2;3;1;4;2;4;4;2;5;5;4;2;2;2;2;2;5;4;2;5;4;4;4;1;1;3;4;3;4;4;2;1;5;5;3;2;2;4;4;4;1;8;4;4;4;4;12;1;13;4;3;12;1;2;11;1;13;;13;139;35;47;46;72;41;65;71;80;1885;37;183;41;2755;;02.12.2021 16:49;1;0;14;14;2;0;1,01;5
136;;;base;interview;03.12.2021 09:51;217;-9;1;1;1;1;2;19;3;2;2;1;2;Bulgarisch;2;5;Molekulare Medizin;1,7;1;1;14;2;1;2;1;1;1;7;5;1;1;5;2;1;2;7;7;1;1;5;2;1;1;3;4;3;3;1;2;2;4;3;4;2;2;2;3;4;4;3;5;2;3;3;5;5;5;2;4;4;3;2;1;4;3;2;3;4;5;4;3;5;3;5;4;5;4;2;3;3;5;3;4;3;2;1;2;2;2;1;1;4;4;3;3;1;2;3;4;2;3;4;4;4;2;6;3;3;3;4;11;4;7;3;2;11;1;1;2;3;13;Keine.;14;4119;38;59;48;166;75;275;160;155;483;1442;299;86;1430;;03.12.2021 11:55;1;0;14;14;1;0;0,68;10
137;;;base;interview;03.12.2021 11:57;218;-9;1;1;1;1;2;20;2;2;2;1;1;;2;5;Rechtswissenschaften ;2;1;1;2,7;1;1;2;1;1;1;5;3;2;3;4;4;1;4;5;6;1;2;4;3;2;3;3;2;3;3;3;2;3;3;3;5;5;5;4;2;5;4;4;3;4;3;3;2;2;4;1;2;2;2;2;2;3;3;3;2;3;4;4;5;4;4;2;3;4;2;2;3;2;4;3;4;5;4;2;4;2;4;4;3;4;4;4;2;3;3;2;3;2;2;3;3;3;2;6;3;3;3;3;7;3;9;3;9;7;5;5;7;3;11;;5;217;29;50;69;95;42;72;89;77;91;1730;153;30;1074;;03.12.2021 12:43;1;0;14;14;2;0;1,12;44
138;;;base;interview;03.12.2021 12:45;219;-9;1;1;1;1;1;24;3;2;2;2;1;;2;5;Soziologie;2;2;1;4;1;1;1;2;1;1;5;5;4;2;4;3;3;2;5;7;2;2;5;4;2;2;3;4;2;4;2;4;3;4;4;4;2;4;1;4;3;3;4;5;2;3;3;3;5;2;4;4;3;5;5;3;3;3;1;2;3;2;3;1;2;3;5;2;5;3;3;4;2;5;4;3;2;2;4;5;3;2;3;2;2;3;3;2;1;4;4;3;2;5;3;4;3;2;6;3;3;3;3;5;10;8;4;11;13;5;4;13;2;13;;3885;675;20;24;34;53;32;69;61;82;1637;33;53;31;2820;;03.12.2021 14:36;1;0;14;14;2;0;1,16;14
139;;;base;interview;03.12.2021 15:59;100;-9;1;1;1;1;2;17;3;2;2;1;2;Russisch;2;5;Rechtswissenschaft/Jura;2,5;4;1;3,8;1;1;1;2;1;1;7;1;4;2;7;4;1;2;5;7;1;1;5;4;1;1;3;3;3;3;3;3;3;3;3;2;4;4;4;4;4;5;4;5;4;4;4;5;4;4;3;3;4;4;2;4;4;3;1;3;2;4;4;2;3;3;4;4;4;2;4;4;4;4;3;4;4;4;4;4;2;4;2;3;4;3;4;4;2;3;3;4;3;4;3;2;2;3;4;3;3;3;3;12;9;5;4;1;11;5;6;3;2;13;;6;358;59;58;76;55;26;52;46;57;1437;97;127;10;2464;;03.12.2021 16:40;1;0;14;14;2;0;1,26;22
140;;;base;interview;03.12.2021 16:58;102;-9;1;1;1;1;2;23;1;2;1;1;1;;2;5;Rechtswissenschaft ;2,3;2;1;12;2;1;2;1;1;1;5;1;1;4;6;4;1;1;1;1;1;1;1;1;1;1;2;4;2;4;1;4;4;4;5;4;2;4;5;4;4;3;4;4;3;3;5;2;4;3;2;4;2;2;4;1;2;5;2;2;4;2;4;2;2;3;5;2;3;4;2;3;2;4;4;2;5;5;4;4;2;1;3;2;3;4;4;1;2;4;4;2;1;3;4;4;3;2;3;3;3;3;3;10;10;9;2;1;5;7;11;12;1;13;;11;310;6;23;26;55;38;59;59;58;1689;125;60;11;2530;;03.12.2021 17:40;1;0;14;14;2;0;1,49;34
141;;;base;interview;06.12.2021 09:57;103;;;;;;;;;;;;;;;;;;;;;;;;;;;;;;;;;;;;;;;;;;;;;;;;;;;;;;;;;;;;;;;;;;;;;;;;;;;;;;;;;;;;;;;;;;;;;;;;;;;;;;;;;;;;;;;;;;;;;;;;;;;;;;;;;;;;135;;;;;;;;;;;;;;135;;06.12.2021 10:00;0;0;1;1;0;0;0,12;0
143;;;base;interview;06.12.2021 11:01;104;-9;1;1;1;1;1;24;2;2;2;1;1;;1;6;Psychologie;1,1;3;1;13 Punkte ;1;1;1;2;1;1;5;3;3;2;5;3;2;2;5;7;1;2;4;2;1;2;4;3;3;3;3;3;2;3;4;5;3;3;2;3;5;4;3;4;3;4;4;2;3;4;2;3;4;5;4;2;4;3;1;2;4;2;2;2;3;4;5;4;5;3;2;4;4;3;3;3;4;4;2;4;2;2;2;2;2;5;3;3;2;4;3;2;3;2;4;3;4;1;8;4;4;3;4;9;7;11;5;3;11;11;3;4;5;13;;8;140;15;30;43;62;40;67;74;76;1737;46;73;22;2433;;06.12.2021 11:42;1;0;14;14;2;0;1,29;15
144;;;base;interview;06.12.2021 11:49;105;-9;1;1;1;1;1;20;1;2;1;1;1;;2;5;SozialpÑdagogik mit allgemeinbildendem Zweitfach (Deutsch) auf hîheres Lehramt;1,3;1;1;13;1;1;2;1;1;1;6;5;5;1;5;6;1;2;5;7;1;1;5;5;1;1;3;4;2;3;2;4;3;3;4;5;2;4;5;3;5;2;4;3;4;2;4;2;3;3;1;4;2;4;4;1;2;4;2;2;5;2;4;2;2;4;4;3;3;3;2;3;2;3;4;3;5;3;2;4;2;1;4;1;2;4;5;1;3;4;5;2;2;3;4;4;3;1;7;4;3;4;3;9;5;1;3;2;7;2;1;2;1;12;Auf Spiegelung ÅberprÅft ;32;533;54;66;89;69;66;93;78;70;1613;93;137;38;3031;;06.12.2021 12:40;1;0;14;14;1;0;0,73;0
145;;;base;interview;08.12.2021 08:51;111;-9;1;1;1;1;1;20;2;2;2;1;1;;2;5;Biologie B.Sc;2,1;2;1;2,0;1;1;2;1;1;1;6;1;1;1;4;3;1;4;6;7;1;1;5;3;1;2;4;3;3;4;1;3;3;3;3;5;1;3;4;3;5;1;3;4;1;2;4;1;3;4;1;5;3;2;2;1;2;4;3;3;4;2;3;2;4;5;5;4;2;3;1;4;2;4;5;3;5;4;3;3;1;1;2;4;4;5;4;2;3;5;4;2;2;3;4;4;4;1;8;3;3;4;4;9;5;7;3;5;5;7;3;3;2;12;;444;101;21;34;37;74;37;59;54;59;1619;36;103;50;2300;;08.12.2021 09:36;1;0;14;14;2;0;1,14;12
146;;;base;interview;08.12.2021 10:56;112;;;;;;;;;;;;;;;;;;;;;;;;;;;;;;;;;;;;;;;;;;;;;;;;;;;;;;;;;;;;;;;;;;;;;;;;;;;;;;;;;;;;;;;;;;;;;;;;;;;;;;;;;;;;;;;;;;;;;;;;;;;;;;;;;;;;16;;;;;;;;;;;;;;16;;08.12.2021 10:57;0;0;1;1;0;0;1;0
147;;;base;interview;08.12.2021 10:57;112;-9;1;1;1;1;2;23;2;2;2;1;1;;2;6;Master of Education: Geographie, Naturwissenschaft und Technik ;2,5;5;2;9 Punkte;2;1;1;2;1;1;5;1;1;2;5;4;1;2;5;7;1;2;5;3;1;2;3;4;3;3;2;3;2;3;4;3;2;3;4;2;4;3;4;5;2;3;3;2;4;2;3;5;3;3;4;1;4;3;5;2;4;2;3;2;2;4;5;2;3;3;2;3;3;4;3;2;4;4;4;4;2;2;4;4;3;3;2;3;3;3;4;2;2;3;3;3;3;3;4;3;2;3;3;11;3;11;3;4;4;8;2;8;2;13;;7;87;35;42;71;96;39;91;86;75;1513;44;174;52;2412;;08.12.2021 11:37;1;0;14;14;2;0;1,08;11
